id,order,stageCategoryId,name,subtitle,themeLabel,backgroundPath,accentColor,comingSoon,playLimitDisabled,minPracticeLevel,maxPracticeLevel,captureGaugeGain
g1-tashizan-hazimarinosougen,1,addition,はじまりのそうげん,1をたす れんしゅう,1+〇 / 〇+1,assets/backgrounds/grasslands.webp,#80d889,,,,,33
g1-tashizan-koorinodoukutsu,2,addition,こおりのどうくつ,2をたす れんしゅう,2+〇 / 〇+2,assets/backgrounds/iceCave.webp,#9bdcf8,,,,,
g1-tashizan-honoonoyama,3,addition,ほのおのやま,3をたす れんしゅう,3+〇 / 〇+3,assets/backgrounds/fireMountain.webp,#ffb15e,,,,,
g1-tashizan-junotomodachi,4,addition,10のともだち,たして10にする □,□+〇=10,,#ffd766,,,,,
g1-tashizan-jutojuichinowakaremichi,5,addition,10と11のわかれみち,こたえが10か11になるたしざん,〇+〇=10か11,,#ffd766,,,,,
g1-tashizan-kaminarinotakadai,6,addition,かみなりのたかだい,くりあがりなし,4〜9+〇,assets/backgrounds/thunderHighland.webp,#f6d74f,,,,,
g1-tashizan-mizubenoniwa,7,addition,みずべのにわ,くりあがりなし,4〜9+〇,assets/backgrounds/waterGarden.webp,#70c7ff,,,,,
g1-tashizan-yorunoiseki,8,addition,よるのいせき,くりあがりなし,4〜9+〇,assets/backgrounds/moonRuins.webp,#b9a7ff,,,,,
g3-bunsu-bunsunohoshi,9,fraction,分数のほし,同じ分母をたす,〇/□ + 〇/□,assets/backgrounds/moonRuins.webp,#b9a7ff,,,3,3,
g3-bunsu-bunsunokage,10,fraction,分数のかげ,同じ分母をひく,〇/□ - 〇/□,assets/backgrounds/moonRuins.webp,#b9a7ff,,,3,3,
g4-bunsu-onajibunsu,11,fraction,同じ分数,同じ大きさにする,〇/□ = 〇/□,assets/backgrounds/moonRuins.webp,#b9a7ff,,,4,4,
g5-bunsu-tsubunnohashi,12,fraction,通分のはし,分母をそろえてたす,〇/2 + 〇/3,assets/backgrounds/tenTower.webp,#ffd766,,,5,5,
g5-bunsu-tsubunnotani,13,fraction,通分の谷,分母をそろえてひく,〇/2 - 〇/3,assets/backgrounds/tenTower.webp,#ffd766,,,5,5,
g6-bunsu-bunsunokakezan,14,fraction,分数のかけ算,分数をかける,〇/□ × 〇/□,assets/backgrounds/moonRuins.webp,#b9a7ff,,,6,6,
g6-bunsu-bunsunowarizan,15,fraction,分数のわり算,分数でわる,〇/□ ÷ 〇/□,assets/backgrounds/tenTower.webp,#ffd766,,,6,6,
g2-tokei-tokeiwoyomu,16,clock,時計を読む,何時かな,〇時,assets/backgrounds/waterGarden.webp,#70c7ff,,TRUE,,,
g2-tokei-gofungoto,17,clock,5分ごと,何時何分かな,〇時〇分,assets/backgrounds/waterGarden.webp,#70c7ff,,TRUE,,,
g2-tokei-jippunnokei,18,clock,10分の時計,1時間と何分,〇分=□時間□分,assets/backgrounds/waterGarden.webp,#70c7ff,,TRUE,,,
g2-tokei-ippunnokei,19,clock,1分の時計,1分から9分,〇時1〜9分,assets/backgrounds/waterGarden.webp,#70c7ff,,TRUE,,,
g2-tokei-tooifunnokei,20,clock,遠い分の時計,21分から39分,〇時21〜39分,assets/backgrounds/waterGarden.webp,#70c7ff,,TRUE,,,
g3-shosu-shosuichiketatashizan,41,decimal,小数1けた,たし算,〇.〇+〇.〇,assets/backgrounds/waterGarden.webp,#70c7ff,,TRUE,3,3,
g3-shosu-shosuichiketahikizan,42,decimal,小数1けたひく,ひき算,〇.〇-〇.〇,assets/backgrounds/waterGarden.webp,#70c7ff,,TRUE,3,3,
g4-shosu-shosuniketatashizan,43,decimal,小数2けた,たし算,〇.〇〇+〇.〇〇,assets/backgrounds/waterGarden.webp,#70c7ff,,TRUE,4,4,
g4-shosu-shosuniketahikizan,44,decimal,小数2けたひく,ひき算,〇.〇〇-〇.〇〇,assets/backgrounds/waterGarden.webp,#70c7ff,,TRUE,4,4,
g4-shosu-shosuketachigaitashizan,45,decimal,小数けたちがい,たし算,〇.〇+〇.〇〇,assets/backgrounds/waterGarden.webp,#70c7ff,,TRUE,4,4,
g4-shosu-shosuketachigaihikizan,46,decimal,小数けたちがいひく,ひき算,〇.〇-〇.〇〇,assets/backgrounds/waterGarden.webp,#70c7ff,,TRUE,4,4,
g3-shosu-shosuichiketakurinashi,47,decimal,小数1けたくりなし,くりあがりなし,〇.〇+〇.〇,assets/backgrounds/waterGarden.webp,#70c7ff,,TRUE,3,3,
g3-shosu-shosuichiketakuriari,48,decimal,小数1けたくりあり,くりあがりあり,〇.〇+〇.〇,assets/backgrounds/waterGarden.webp,#70c7ff,,TRUE,3,3,
g1-junoyama-tenberunotou,20,makeTen,テンベルのとう,10をつくる れんしゅう,〇+□=10,assets/backgrounds/tenTower.webp,#ffd766,,,,,
g1-hikizan-hikuichinokomichi,21,subtraction,ひく1のこみち,1だけひく,〇-1,,#80d889,,,,,
g1-hikizan-hikuninokomichi,22,subtraction,ひく2のこみち,1か2をひく,〇-1/〇-2,,#80d889,,,,,
g1-hikizan-nokorinokomichi,23,subtraction,のこりのこみち,1けた-1けた,〇-〇,assets/backgrounds/subtractionForest.webp,#80d889,,,,,
g1-hikizan-tennoichiba,24,subtraction,テンのいちば,10から1けたをひく,10-〇,,#70c7ff,,,,,
g1-hikizan-nijubashi,25,subtraction,にじゅうばし,20から1けたをひく,20-〇,,#70c7ff,,,,,
g1-hikizan-juikutsunohashi,26,subtraction,10いくつのはし,11〜19から1けたをひく,10いくつ-〇,,#70c7ff,,,,,
g2-hikizan-kurainohikimichi,27,subtraction,くらいのひきみち,2けた-1けた くりさがりなし,2けた-1けた,,#ffb15e,,,,,
g2-hikizan-nokoriishinotani,28,subtraction,のこりいしのたに,2けた-2けた くりさがりなし,2けた-2けた,assets/backgrounds/stoneValley.webp,#ffb15e,,,,,
g2-hikizan-ochibanogake,29,subtraction,おちばのがけ,2けた-1けた くりさがり,2けた-1けた,,#ffb15e,,,,,
g2-hikizan-kurisagarinosenaka,30,subtraction,くりさがりのせなか,2けた-2けた くりさがり,2けた-2けた,,#ffb15e,,,,,
g2-kakezan-ichinodan,31,multiplication,1のだん,1×1〜9,1×〇 / 1×□,,#f6d74f,,,,,
g2-kakezan-ninodan,32,multiplication,2のだん,2×1〜9,2×〇 / 2×□,,#f6d74f,,,,,
g2-kakezan-sannodan,33,multiplication,3のだん,3×1〜9,3×〇 / 3×□,,#f6d74f,,,,,
g2-kakezan-yonnodan,34,multiplication,4のだん,4×1〜9,4×〇 / 4×□,,#f6d74f,,,,,
g2-kakezan-gonodan,35,multiplication,5のだん,5×1〜9,5×〇 / 5×□,,#f6d74f,,,,,
g2-kakezan-rokunodan,36,multiplication,6のだん,6×1〜9,6×〇 / 6×□,,#f6d74f,,,,,
g2-kakezan-nananodan,37,multiplication,7のだん,7×1〜9,7×〇 / 7×□,,#f6d74f,,,,,
g2-kakezan-hachinodan,38,multiplication,8のだん,8×1〜9,8×〇 / 8×□,,#f6d74f,,,,,
g2-kakezan-kyunodan,39,multiplication,9のだん,9×1〜9,9×〇 / 9×□,,#f6d74f,,,,,
g3-warizan-pittariwarizan,49,division,ぴったりわり算,あまりなし,〇÷〇=□,assets/backgrounds/tenTower.webp,#a7d86e,,TRUE,,,
g3-warizan-amarinowarizan,50,division,あまりのわり算,あまりあり,〇÷〇=□あまり□,assets/backgrounds/tenTower.webp,#a7d86e,,TRUE,,,
g9-root-heihokon,51,root,平方根,±で答える,〇の平方根,assets/backgrounds/moonRuins.webp,#c5b7ff,,TRUE,9,9,
g9-root-rootpittari,52,root,√ぴったり,√を答える,√〇=□,assets/backgrounds/moonRuins.webp,#c5b7ff,,TRUE,9,9,
g10-root-rootplusminusnijo,53,root,√(±n)²,√を外す,√(-n)²=□,assets/backgrounds/moonRuins.webp,#c5b7ff,,TRUE,10,10,
g10-root-rootbunsukeisan,54,root,√分数計算,分数の√を計算,√(分数)=分数,assets/backgrounds/moonRuins.webp,#c5b7ff,,TRUE,10,10,
g10-root-bunborootonashi,55,root,分母√なし,分母から√をけす,〇/√□=□√□/□,assets/backgrounds/moonRuins.webp,#c5b7ff,,TRUE,10,10,
g9-root-rootwonaosu,56,root,√をなおす,√をなおす,√〇=□√□,assets/backgrounds/moonRuins.webp,#c5b7ff,,TRUE,9,9,
g10-root-rootnoshosu,57,root,√の小数,小数点下3けた,√2・√3・√5・√7,assets/backgrounds/moonRuins.webp,#c5b7ff,,TRUE,10,10,
g10-root-rootnodaisho,58,root,√の大小,大きさくらべ,大きいほう,assets/backgrounds/moonRuins.webp,#c5b7ff,,TRUE,10,10,
g9-root-onajiroottashi,59,root,同じ√たし,同じ√をたす,□√□+□√□,assets/backgrounds/moonRuins.webp,#c5b7ff,,TRUE,9,9,
g9-root-onajiroothiki,60,root,同じ√ひき,同じ√をひく,□√□-□√□,assets/backgrounds/moonRuins.webp,#c5b7ff,,TRUE,9,9,
g9-root-naoshitetasu,61,root,なおしてたす,√をなおしてたす,√□+□√□,assets/backgrounds/moonRuins.webp,#c5b7ff,,TRUE,9,9,
g9-root-naoshitehiku,62,root,なおしてひく,√をなおしてひく,√□-□√□,assets/backgrounds/moonRuins.webp,#c5b7ff,,TRUE,9,9,
g1-junoyama-shikakunoitadaki,40,makeTen,□のいただき,10のやまの □,〇+〇=□,,#ffd766,,,,,
g1-ichinensei-gomadenotashizan,1,grade1Arithmetic,5までのたしざん,ちいさいかずをたす,□+□=5まで,assets/backgrounds/grasslands.webp,#9de39f,,,1,1,
g1-ichinensei-gomadenohikizan,2,grade1Arithmetic,5までのひきざん,ちいさいかずをひく,□-□=5まで,assets/backgrounds/grasslands.webp,#9de39f,,,1,1,
g1-ichinensei-gonotomodachi,3,grade1Arithmetic,5のともだち,たして5にする,□+〇=5,assets/backgrounds/tenTower.webp,#9de39f,,,1,1,
g1-ichinensei-jumadenotashizan,4,grade1Arithmetic,10までのたしざん,10までをたす,□+□=10まで,assets/backgrounds/grasslands.webp,#9de39f,,,1,1,
g1-ichinensei-jumadenohikizan,5,grade1Arithmetic,10までのひきざん,10までをひく,□-□=10まで,assets/backgrounds/iceCave.webp,#9de39f,,,1,1,
g1-ichinensei-junotomodachi,6,grade1Arithmetic,10のともだち,たして10にする,□+〇=10,assets/backgrounds/tenTower.webp,#9de39f,,,1,1,
g1-ichinensei-jumadenoanaume,7,grade1Arithmetic,10までのあなうめ,かくれたかず,□をさがす,assets/backgrounds/tenTower.webp,#9de39f,,,1,1,
g1-ichinensei-jutoikutsu,8,grade1Arithmetic,10といくつ,10にかずをたす,10+〇,assets/backgrounds/waterGarden.webp,#9de39f,,,1,1,
g1-ichinensei-juwohiku,9,grade1Arithmetic,10をひく,10いくつから10,10いくつ-10,assets/backgrounds/waterGarden.webp,#9de39f,,,1,1,
g1-ichinensei-juikutsunohikizan,10,grade1Arithmetic,10いくつのひきざん,くりさがりなし,16-3,assets/backgrounds/waterGarden.webp,#9de39f,,,1,1,
g1-ichinensei-juikutsunoanaume,11,grade1Arithmetic,10いくつのあなうめ,10いくつの□,□をさがす,assets/backgrounds/waterGarden.webp,#9de39f,,,1,1,
g1-ichinensei-kuriagaritashizan,12,grade1Arithmetic,くりあがりたしざん,20までのたしざん,8+7,assets/backgrounds/fireMountain.webp,#9de39f,,,1,1,
g1-ichinensei-kuriagarinoshikaku,13,grade1Arithmetic,くりあがりの□,たしざんあなうめ,8+□=14,assets/backgrounds/fireMountain.webp,#9de39f,,,1,1,
g1-ichinensei-kurisagarihikizan,14,grade1Arithmetic,くりさがりひきざん,20までのひきざん,13-8,assets/backgrounds/iceCave.webp,#9de39f,,,1,1,
g1-ichinensei-kurisagarinoshikaku,15,grade1Arithmetic,くりさがりの□,ひきざんあなうめ,15-□=7,assets/backgrounds/iceCave.webp,#9de39f,,,1,1,
g1-ichinensei-niketatashizan,16,grade1Arithmetic,2けたにたす,くりあがりなし,34+5,assets/backgrounds/thunderHighland.webp,#9de39f,,,1,1,
g1-ichinensei-niketakarahiku,17,grade1Arithmetic,2けたからひく,くりさがりなし,38-8,assets/backgrounds/thunderHighland.webp,#9de39f,,,1,1,
g1-ichinensei-nanjuwotasu,18,grade1Arithmetic,なんじゅうをたす,10のまとまり,20+40,assets/backgrounds/tenTower.webp,#9de39f,,,1,1,
g1-ichinensei-nanjuwohiku,19,grade1Arithmetic,なんじゅうをひく,10のまとまり,70-30,assets/backgrounds/tenTower.webp,#9de39f,,,1,1,
g1-ichinensei-jumadenomatome,20,grade1Arithmetic,10までのまとめ,たしざん・ひきざん,10まで,assets/backgrounds/grasslands.webp,#9de39f,,,1,1,
g1-ichinensei-juikutsumatome,21,grade1Arithmetic,10いくつまとめ,10といくつ,10いくつ,assets/backgrounds/waterGarden.webp,#9de39f,,,1,1,
g1-ichinensei-nijumadenomatome,22,grade1Arithmetic,20までのまとめ,くりあがり・くりさがり,20まで,assets/backgrounds/fireMountain.webp,#9de39f,,,1,1,
g1-ichinensei-niketamatome,23,grade1Arithmetic,2けたまとめ,かんたんな2けた,2けた,assets/backgrounds/thunderHighland.webp,#9de39f,,,1,1,
g1-ichinensei-ichinenseinoshiage,24,grade1Arithmetic,1ねんせいのしあげ,ぜんぶまとめ,1ねんせい,assets/backgrounds/moonRuins.webp,#9de39f,,,1,1,
